LOCATION,TIME,POP,INFRAINVEST,GDP,AIREMISSION,PASSTRANSP,ROADACCID
AUS,1995,18.004882,571626711.18304,402481.437,285.324094,10344.505996047,111.60911907924
AUS,1996,18.224767,802011114.08396,423181.512,295.801549,10696.252435836,107.58560428158
AUS,1997,18.423037,747886518.71042,449576.869,303.09665,10976.875472385,95.425824917643
AUS,1998,18.607584,648492072.22955,476921.51,323.746128,10950.918994143,93.795093795094
AUS,1999,18.812264,564957297.04591,509779.868,328.805245,11164.803792244,93.205114657086
AUS,2000,19.028802,411180193.77677,537613.644,334.645123,11552.161964256,94.867644755391
AUS,2001,19.274701,366910463.5529,568472.868,340.982482,12149.624986664,89.476124246639
AUS,2002,19.49521,662954843.00173,599301.22,348.962582,12005.65718487,87.271135898715
AUS,2003,19.720737,748523928.5745,635958.179,347.969551,12021.773106727,81.476120108166
AUS,2004,19.932722,1105364375.8845,675038.955,361.328033,12087.046535813,78.649005832845
AUS,2005,20.176844,1496283128.6361,717705.079,365.515118,12062.893352373,79.775236825073
AUS,2006,20.450966,1251611424.677,773925.843,370.839121,12590.874021192,77.205900115471
AUS,2007,20.827622,1962260345.0615,824690.484,381.067827,13212.731578192,76.965180817761
AUS,2008,21.249199,1734889810.4184,851983.13,384.311003,14276.384048686,67.626075334601
AUS,2009,21.691653,2284971414.3283,902680.372,390.741845,15004.14159834,68.735968135278
AUS,2010,22.03175,3611610590.3921,942676.08,383.36385,14992.79186061,61.411372224176
AUS,2011,22.340024,5164883847.2106,992327.38,381.778016,15275.793628,57.161979772269
AUS,2012,22.733465,6602253137.6371,997527.347,381.761574,15568.963881337,57.184419533054
AUS,2013,23.128129,4975556295.7156,1104626.135,375.433077,15543.667841316,51.322785340742
AUS,2014,23.475686,4320269257.6053,1118494.158,366.194357,15571.083308422,49.029451152141
AUS,2015,23.815995,2796273621.706,1126907.643,372.446029,16016.860652115,50.554259857713
AUS,2016,24.190907,2563852635.6123,1215297.461,380.576451,16503.758569102,53.449835510508
AUS,2017,24.60186,3825342109.5036,1254978.91,383.785318,17039.193726877,49.711688465831
AUS,2018,24.99286,5025635392.8338,1356186.805,382.878608,17585.947168902,45.511515814471
AUT,1995,7.948278,521000000.0,187895.922,59.549049,9625.0,152.23423237084
AUT,1996,7.959016,590000000.0,194997.651,63.265768,9689.0,129.03603548026
AUT,1997,7.968041,710000000.0,202530.57,62.456823,8140.0,138.67900529126
AUT,1998,7.976789,979000000.0,212772.479,63.070928,7971.0,120.72526927815
AUT,1999,7.992323,1120000000.0,220639.939,61.44494,7995.0,135.00453685311
AUT,2000,8.011566,1199000000.0,235450.19,61.820269,8206.0,121.82387313541
AUT,2001,8.042293,1071000000.0,238981.852,66.191275,8240.0,119.12025587727
AUT,2002,8.082121,1191000000.0,251984.784,67.631905,8300.0,118.28818193415
AUT,2003,8.118245,1145000000.0,260788.036,72.707588,8249.0,114.63508303902
AUT,2004,8.169441,1335000000.0,275769.77,74.005823,8295.0,107.44048616942
AUT,2005,8.225278,1330000000.0,288086.722,74.439147,8470.0,93.341755158013
AUT,2006,8.267948,1489000000.0,310998.391,72.145288,9296.0,88.285366361897
AUT,2007,8.295189,1505000000.0,326699.296,69.111525,9580.0,83.298304246634
AUT,2008,8.321541,1683000000.0,343812.976,68.596658,10837.0,81.595905351634
AUT,2009,8.341483,2062000000.0,341644.307,62.621017,10653.0,75.869051216164
AUT,2010,8.361069,1936000000.0,351610.069,68.336998,10737.0,66.001833703119
AUT,2011,8.388534,2143000000.0,373031.477,66.605479,10875.0,62.323909632476
AUT,2012,8.426311,1688000000.0,391635.176,63.438355,11323.0,62.989391091877
AUT,2013,8.47723,1648000000.0,406370.245,64.095876,11915.0,53.656780336099
AUT,2014,8.543932,1567000000.0,417059.519,60.353212,12092.0,50.31384136116
AUT,2015,8.629519,1549000000.0,430975.924,61.452106,12208.0,55.422501697676
AUT,2016,8.739806,1523000000.0,460282.647,61.66542,12578.0,49.446768493435
AUT,2017,8.795073,1552000000.0,478085.761,64.118116,12656.7,47.058470490588
AUT,2018,8.837707,1682000000.0,520271.636,61.468298,13204.7,46.2642416663
BEL,1995,10.136814,668000000.0,226986.213,111.313683,6757.0,148.46878372301
BEL,1996,10.156641,537000000.0,230441.688,116.439404,6788.0,133.50875885394
BEL,1997,10.181246,635000000.0,241539.914,113.472717,6980.0,133.97182761047
BEL,1998,10.203012,637000000.0,248626.188,116.237806,7097.0,147.01546837952
BEL,1999,10.226419,764000000.0,260168.781,112.401484,7354.0,136.60695889734
BEL,2000,10.251247,1012000000.0,284950.464,114.004607,7755.0,143.39714668943
BEL,2001,10.286571,856000000.0,296258.682,115.382773,8036.0,144.46020393581
BEL,2002,10.332783,1049000000.0,312900.475,107.857199,8260.0,130.94243226778
BEL,2003,10.37613,959000000.0,320632.747,112.569091,8265.0,117.1920213436
BEL,2004,10.421133,976000000.0,333856.905,111.185727,8676.0,111.60010659106
BEL,2005,10.478617,948527538.2,347658.439,107.676772,9150.0,107.93409092059
BEL,2006,10.547956,928448430.70712,371415.055,105.533637,9607.0,104.8544182675
BEL,2007,10.625701,820740802.27657,390457.716,101.500283,9932.0,102.95792277215
BEL,2008,10.709976,982865787.45468,405729.43,103.901054,10406.0,91.503498654945
BEL,2009,10.796498,1404314280.9247,407862.461,96.871149,10427.0,88.547271785384
BEL,2010,10.895589,1376467072.8178,434412.544,103.890892,10403.0,78.013243161038
BEL,2011,10.993616,1295066302.6247,451932.625,92.80816,11003.0,80.085056853143
BEL,2012,11.067748,1333431629.7625,469720.336,92.315416,10857.0,74.458005144895
BEL,2013,11.125033,1200786096.1563,487343.796,94.068984,10595.0,68.462419194855
BEL,2014,11.179778,1107978558.46,503619.623,87.516749,10974.0,66.464110228006
BEL,2015,11.238474,1005993899.6279,520877.807,92.847538,10333.0,67.587968135377
BEL,2016,11.295003,959083668.59,550677.566,91.886517,10025.0,59.127618757822
BEL,2017,11.349081,880000000.0,575544.443,90.4776,10167.0,53.537717893677
CAN,1995,29.302311,290775401.06952,687948.942,438.54678,1382.0,113.06275467488
CAN,1996,29.610218,276686691.31238,711888.548,452.765162,1411.0,105.67298086086
CAN,1997,29.905948,410932721.71254,755158.587,467.458362,1440.0,102.85579310176
CAN,1998,30.155173,480485898.12977,793411.459,474.199734,1469.0,96.799312011906
CAN,1999,30.401286,510815412.75147,846421.343,483.715246,1498.0,98.022169193764
CAN,2000,30.68573,608226371.06184,901029.605,503.455816,1548.0,94.636823044457
CAN,2001,31.020902,473786687.82,937274.87,496.16027,1553.0,88.907795137614
CAN,2002,31.360079,452522255.19288,971009.088,514.445172,1596.0,93.143898011226
CAN,2003,31.644028,489886219.97472,1023165.602,534.262322,1433.0,87.757475122952
CAN,2004,31.940655,356215213.35807,1083146.524,526.180994,1413.0,85.627548965417
CAN,2005,32.243753,580910114.5923,1171340.162,538.929319,1478.0,89.877874948366
CAN,2006,32.571174,598230585.59191,1241194.165,529.557373,1450.0,88.145425768196
CAN,2007,32.889025,645380897.27007,1300942.608,560.11998,1453.0,83.705734663767
CAN,2008,33.247118,616943500.28859,1342396.613,539.879115,1574.0,73.119119678283
CAN,2009,33.628895,493313146.60611,1307953.077,512.504812,1413.0,65.895712600726
CAN,2010,34.004889,697402122.21003,1364079.668,526.203959,1404.0,65.814065736253
CAN,2011,34.339328,869438790.34603,1430807.125,538.65433,1404.0,58.912043939823
CAN,2012,34.714222,1044520547.9452,1468094.965,537.235919,1376.0,59.773772259681
CAN,2013,35.082954,1011400175.3873,1554122.745,546.979444,1365.0,55.611052592664
CAN,2014,35.437435,962574135.93292,1621396.709,552.221057,1327.0,51.950712572736
CAN,2015,35.702908,1065180586.9074,1594850.842,549.287447,1421.83097191,52.908855491547
CAN,2016,36.109487,796508456.08292,1678093.396,541.937771,1482.22919834,52.590057565758
CAN,2017,36.540268,918464900.30046,1771613.756,553.074022,1600.57655333,50.789034745912
CAN,2018,37.058856,1081557966.2789,1893907.331,565.231595,1685.0,51.864973508251
CZE,1995,10.330759,112319717.77401,142784.042,123.17479,8023.0,153.76789936298
CZE,1996,10.315353,159803372.49827,151155.623,124.62453,8111.0,152.00808202154
CZE,1997,10.303642,280063374.84999,152702.018,122.708428,7721.0,154.98638361644
CZE,1998,10.294943,302455737.67765,154180.022,116.852822,7018.0,132.11100860635
CZE,1999,10.282784,268707141.75319,158333.514,109.982816,6957.0,141.48383972555
CZE,2000,10.272503,370746942.74207,166568.303,121.230494,7300.0,144.90403423168
CZE,2001,10.224192,393952562.43871,180105.226,121.092364,7299.0,130.57175059621
CZE,2002,10.200774,473793692.05357,186119.946,117.124548,6597.0,140.33654881535
CZE,2003,10.201651,415919504.31339,198965.796,121.280735,6518.0,141.94627073696
CZE,2004,10.206923,411744609.89729,213269.646,121.810545,6590.0,135.52871546531
CZE,2005,10.234092,484400022.83005,225620.781,118.369879,6667.0,125.93994681926
CZE,2006,10.266646,465026007.29757,244624.887,118.850264,6922.0,103.81969556315
CZE,2007,10.322689,612539717.99324,270349.144,121.58171,6900.0,118.65427794308
CZE,2008,10.429692,1217156136.0631,290503.947,116.309075,6803.0,103.61493838522
CZE,2009,10.491492,740621739.72209,290152.861,109.59992,6503.0,86.27015715148
CZE,2010,10.517247,563179264.56576,292270.175,112.460232,6591.0,76.56755845914
CZE,2011,10.496672,446822182.0962,304400.914,109.318664,6714.0,73.646486195619
CZE,2012,10.509286,381534888.53009,307490.199,105.653832,7265.0,70.594156383182
CZE,2013,10.510719,334664758.03472,324029.978,101.384367,7601.0,62.20116808848
CZE,2014,10.524783,454245019.21135,342099.837,98.267535,7797.0,65.366015961279
CZE,2015,10.542942,1164925783.3975,357503.881,99.42453,8298.112592,69.978747511274
CZE,2016,10.565284,681496030.95338,381420.335,101.159746,8843.373268,57.825175283154
CZE,2017,10.589526,565612750.31146,412641.314,101.690554,9497.566454,54.462539683558
CZE,2018,10.62643,741057048.48478,451051.422,100.749119,10286.019,61.712553462262
DNK,1995,5.227861,726071706.40499,118490.59,58.385219,4684.0,111.20934815844
DNK,1996,5.261503,1033587869.2356,124645.348,71.637803,4621.0,97.661556725214
DNK,1997,5.28422,872255408.99918,131700.486,61.886608,4978.0,92.526174595189
DNK,1998,5.301304,818021813.91504,136917.875,57.966888,5163.0,94.076055306163
DNK,1999,5.319111,634649523.91199,141846.299,54.780958,5113.0,96.583880751603
DNK,2000,5.337344,563873460.51678,153089.947,50.833866,5537.0,93.265133672534
DNK,2001,5.355082,459730012.61372,157816.394,52.412499,5721.0,80.4287092797
DNK,2002,5.374255,478433483.61483,164720.391,52.122679,5754.0,86.124617298846
DNK,2003,5.387174,337922403.00375,165968.36,57.522118,5893.0,80.139888627816
DNK,2004,5.401177,341536848.61356,177870.417,51.880485,6074.0,68.276145739411
DNK,2005,5.415978,240884630.35281,185074.466,48.524936,6136.0,61.076511339196
DNK,2006,5.434567,178171629.28503,202725.721,56.431166,6274.0,56.278221873028
DNK,2007,5.457415,232055618.18865,212771.394,51.663967,6353.0,74.33939559508
DNK,2008,5.489022,372988197.42489,226767.494,48.693869,6475.0,73.903896901515
DNK,2009,5.519441,356687213.78403,222918.17,46.959299,6367.0,54.86054467649
DNK,2010,5.543819,396390589.75185,238749.494,47.288433,6577.0,45.965135354706
DNK,2011,5.566856,862871944.91793,247352.237,42.066014,6890.0,39.493251321408
DNK,2012,5.587085,915795695.7468,250524.599,37.171576,7020.0,29.86637746952
DNK,2013,5.608784,996124914.52017,262368.12,38.896978,7076.0,34.016440448433
DNK,2014,5.639719,1159371688.4197,270330.607,34.709752,6808.0,32.249633426213
DNK,2015,5.678348,1308422492.1567,278748.365,32.507165,6808.0,31.318823334212
DNK,2016,5.724456,1185026996.5348,297719.06,34.100207,6653.0,36.83652786919
DNK,2017,5.760694,1228171589.1218,320149.213,31.960309,6623.0,30.355699412661
DNK,2018,5.789957,1351365856.2765,343424.809,32.022456,6560.0,29.515143857847
FIN,1995,5.107787,226000000.0,99803.842,55.714578,3184.0,86.338710087925
FIN,1996,5.124573,192000000.0,102688.609,62.192974,3254.0,78.835836663855
FIN,1997,5.139839,224000000.0,111981.083,60.173993,3376.0,85.216743339037
FIN,1998,5.153499,254000000.0,121498.841,56.817756,3377.0,77.617183513024
FIN,1999,5.16547,264000000.0,127934.786,56.031327,3415.0,83.438615701095
FIN,2000,5.176203,233000000.0,138703.58,54.592688,3405.0,76.503866053322
FIN,2001,5.188005,204000000.0,144266.623,60.584543,3282.0,83.461706304231
FIN,2002,5.200598,225000000.0,148763.802,62.954778,3318.0,79.798515478412
FIN,2003,5.21301,275000000.0,151289.787,71.241465,3338.0,72.702662989204
FIN,2004,5.228173,328000000.0,162992.94,67.154133,3352.0,71.726790931897
FIN,2005,5.2461,281000000.0,168146.753,54.918043,3478.0,72.244198352451
FIN,2006,5.266266,234000000.0,181207.156,66.45099,3540.0,63.802297946098
FIN,2007,5.288719,211000000.0,199873.495,64.497212,3778.0,71.851033898561
FIN,2008,5.313398,327000000.0,212980.742,56.040308,4052.0,64.741985309215
FIN,2009,5.338867,361000000.0,202878.3,53.795592,3876.0,52.258239616578
FIN,2010,5.363341,388000000.0,209096.826,62.000673,3959.0,50.714553137665
FIN,2011,5.388272,355000000.0,220471.171,54.562684,3882.0,54.191770571345
FIN,2012,5.413967,450000000.0,221285.636,48.907929,4035.0,47.100363116094
FIN,2013,5.438975,605000000.0,225679.983,49.706581,4053.0,47.435434490194
FIN,2014,5.461507,643000000.0,228058.636,45.690084,3874.0,41.929780617529
FIN,2015,5.479528,567000000.0,232867.602,42.354365,4113.0,49.274290080666
FIN,2016,5.495297,537000000.0,246928.493,45.152969,3868.0,46.949185513519
FIN,2017,5.508209,521000000.0,262863.268,42.401662,4271.0,43.208197793332
FIN,2018,5.515525,491000000.0,282959.004,43.753389,4534.0,43.332230386047
FRA,1995,59.383991,2765572478.7448,1234149.753,343.648115,64444.0,149.32342013479
FRA,1996,59.589289,2963000000.0,1273114.085,359.52364,69183.0,142.93819065454
FRA,1997,59.795263,3024000000.0,1333377.621,351.029466,71016.0,140.81582559089
FRA,1998,60.011008,2879000000.0,1405861.087,372.496344,75175.0,148.17328491832
FRA,1999,60.315406,2891000000.0,1470523.886,366.61764,77111.0,140.28860210235
FRA,2000,60.72478,2954750000.0,1589936.939,364.674799,82253.0,132.63287502565
FRA,2001,61.163237,2443638000.0,1687447.704,368.205343,84180.0,132.99122860915
FRA,2002,61.60455,3044642000.0,1762925.935,362.524159,86186.0,123.85675803326
FRA,2003,62.037544,3633564000.0,1751797.978,368.282713,84151.0,97.325264600854
FRA,2004,62.4908,3680498000.0,1820723.319,368.883466,88567.0,89.195588318902
FRA,2005,62.958328,4171382500.0,1926880.385,371.708144,90859.0,84.173071040252
FRA,2006,63.393406,4303020000.0,2062931.189,362.43398,94590.0,74.015997860845
FRA,2007,63.781275,4616418000.0,2181667.496,353.57422,96709.0,72.169203979147
FRA,2008,64.133174,4696513301.88,2259255.844,349.331244,102721.0,66.407783495527
FRA,2009,64.458715,4968770094.2,2245566.431,336.203512,101821.0,66.036091281567
FRA,2010,64.773169,5103166000.0,2336459.963,340.052059,102167.0,61.389405563403
FRA,2011,65.087317,7060006000.0,2446474.544,325.46767,105596.0,60.649393858051
FRA,2012,65.402998,7991727000.0,2474005.287,328.82567,105956.0,55.6352516956
FRA,2013,65.735961,10364564000.0,2608523.504,329.326297,105215.0,49.516136586172
FRA,2014,66.276671,8921881000.0,2662032.873,297.550653,104589.0,51.031435952675
FRA,2015,66.512558,8576194000.0,2718495.127,303.916894,104849.0,52.007360912392
FRA,2016,66.68553,8614650000.0,2864105.631,306.067258,104207.0,52.110104018782
FRA,2017,66.829563,9334770000.0,2992536.037,309.87204,110469.0,51.567068318992
FRA,2018,66.941698,9901590000.0,3223486.01,303.478088,107920.0,48.502288746549
DEU,1995,81.678046,5747000000.0,1920062.397,856.596915,70977.0,115.74713015618
DEU,1996,81.914834,5200000000.0,1967539.568,887.062102,71730.0,106.91592588404
DEU,1997,82.034775,4745000000.0,2015112.101,854.919715,72403.0,104.2119078994
DEU,1998,82.047197,4423000000.0,2079407.818,846.943854,72666.0,94.969730531312
DEU,1999,82.100243,7350000000.0,2158515.841,814.959373,73796.0,94.66476244169
DEU,2000,82.211501,5305000000.0,2237046.164,812.311609,75404.0,91.264595219443
DEU,2001,82.349926,5481000000.0,2337156.838,831.479218,75754.0,84.723817295523
DEU,2002,82.488493,7437000000.0,2406900.908,817.9019,71366.0,82.944900376713
DEU,2003,82.534175,7228000000.0,2465900.62,820.688397,71293.0,80.124383867357
DEU,2004,82.516268,6404000000.0,2583409.013,804.624916,72879.0,70.798167536919
DEU,2005,82.469421,3411000000.0,2622039.802,786.931288,76824.0,65.00591213068
DEU,2006,82.376447,3971000000.0,2810242.832,798.68176,78995.0,61.801642802019
DEU,2007,82.266373,3836000000.0,2981616.28,767.019443,79107.0,60.158238168082
DEU,2008,82.110097,3816000000.0,3103958.247,773.893025,82539.0,54.524354051122
DEU,2009,81.902308,3412000000.0,3017520.905,720.182549,82253.0,50.694542706837
DEU,2010,81.776936,3807000000.0,3187863.278,758.848288,83886.0,44.609158108528
DEU,2011,80.274981,4086000000.0,3415019.966,731.241683,85414.0,49.94083897844
DEU,2012,80.425826,3930000000.0,3487234.448,745.141688,88796.0,44.761742755184
DEU,2013,80.645605,4684000000.0,3628559.337,763.651811,89615.0,41.403372198646
DEU,2014,80.982495,5543000000.0,3807114.521,723.111731,90976.0,41.700367363319
DEU,2015,81.686608,5541000000.0,3889081.896,729.684402,91603.0,42.344760758896
DEU,2016,82.348669,5192000000.0,4165169.905,734.487052,94197.0,38.932019654137
DEU,2017,82.656997,5711000000.0,4390904.094,718.794085,95530.0,38.472239774678
DEU,2018,82.914191,6145000000.0,4699855.721,696.131381,98161.0,39.502673046374
GRC,2000,10.805806,591000000.0,210979.958,87.923582,1628.0,188.50973476486
GRC,2001,10.862129,304000000.0,227712.096,90.041816,1797.0,173.07836067542
GRC,2002,10.902022,983000000.0,246559.281,90.283202,1836.0,149.88045336911
GRC,2003,10.928072,1699000000.0,260874.534,93.848627,1574.0,146.86948381553
GRC,2004,10.955142,1786000000.0,278691.884,93.480598,1669.0,152.43984536575
GRC,2005,10.987316,430000000.0,281028.396,95.156324,1854.0,150.90130308463
GRC,2006,11.020366,247000000.0,314201.08,94.103838,1811.0,150.35803724052
GRC,2007,11.048466,324000000.0,323551.015,97.902891,1930.0,145.90251521636
GRC,2008,11.077839,340000000.0,341817.829,94.35162,1657.0,140.1897716351
GRC,2009,11.107017,467000000.0,337447.85,90.15818,1414.0,131.08830210668
GRC,2010,11.121344,212000000.0,310668.24,83.36947,1337.0,113.11585536313
GRC,2011,11.1049,185000000.0,285079.561,82.117228,958.0,102.74744506906
GRC,2012,11.04501,177000000.0,275155.48,76.986345,832.0,89.452151745254
GRC,2013,10.965209,96000000.0,284524.655,68.845177,755.0,80.162616113817
GRC,2014,10.892415,180605280.54,290197.021,65.726678,1072.0,72.986582495541
GRC,2015,10.820883,220250025.66408,289145.992,64.543218,1263.0,73.284222738569
GRC,2016,10.775971,307757694.60575,296029.545,63.076623,1192.0,76.466427016183
GRC,2017,10.754679,227091679.18655,309051.889,63.110531,1109.0,67.970415481485
HUN,1995,10.328967,84991378.126568,94716.456,56.245319,8336.0,153.83922784132
HUN,1996,10.311235,102938519.74584,96196.504,57.343904,8582.0,132.86474427222
HUN,1997,10.290475,79737526.505909,101067.167,55.81608,8672.0,135.17340191707
HUN,1998,10.266571,135276507.87865,106748.524,56.131297,8884.0,133.54021839816
HUN,1999,10.237527,188116128.39408,111315.201,56.686536,9514.0,127.56983373919
HUN,2000,10.210965,196793653.13744,121085.109,53.280264,9693.0,117.52065498962
HUN,2001,10.187578,227570120.04324,134614.917,54.923444,10005.0,121.61872461123
HUN,2002,10.15861,277905522.82675,147567.884,54.17392,10531.0,140.66887904327
HUN,2003,10.129554,279364646.10327,156657.223,56.774935,10286.0,130.90411106039
HUN,2004,10.10714,154510341.26677,164041.614,55.060802,10544.0,128.22610853746
HUN,2005,10.087064,170675845.7092,172222.023,54.722182,9880.0,126.69691332414
HUN,2006,10.071374,91408667.998069,184680.779,54.161519,9584.0,129.37663892797
HUN,2007,10.055778,376435451.86618,191472.991,52.522404,8752.0,122.51660239186
HUN,2008,10.038186,298159789.46323,207757.652,51.753214,8293.0,99.221094484383
HUN,2009,10.022647,317614835.73711,207359.074,46.866409,8073.0,82.014237751493
HUN,2010,10.00002,271989023.69182,217167.008,47.145132,7692.0,73.999829800391
HUN,2011,9.958824,348777344.16956,229348.032,46.343688,7806.0,63.980893179286
HUN,2012,9.920364,472418138.54493,230214.451,42.748798,7806.0,60.985677740389
HUN,2013,9.893083,623201661.74537,242367.239,40.246668,7843.0,59.738714386477
HUN,2014,9.866466,626656305.15956,253001.466,40.059462,7738.0,63.447223464364
HUN,2015,9.843025,701286715.76892,263571.392,42.708351,7609.161,65.427021034584
HUN,2016,9.814026,323165093.43094,273925.72,43.777954,7653.455,61.850272818802
HUN,2017,9.787969,556053318.67528,289324.586,45.762629,7730.982,63.853920211819
HUN,2018,9.7676,803129312.31867,320971.253,45.601765,7769.56,64.753297098766
IRL,1995,3.6013,29000000.0,68212.219,32.636823,1291.0,121.09150832636
IRL,1996,3.626087,2000000.0,74312.808,33.99215,1295.0,124.53574010793
IRL,1997,3.664313,9000000.0,83104.792,35.000215,1387.0,128.46435291117
IRL,1998,3.703082,4000000.0,93076.892,37.607302,1421.0,123.36049059767
IRL,1999,3.741647,5000000.0,101401.314,39.114385,1458.0,109.99295299386
IRL,2000,3.789536,85000000.0,114886.97,40.914679,1389.0,109.06202975212
IRL,2001,3.847198,141000000.0,125885.732,43.062092,1515.0,106.30475114989
IRL,2002,3.917203,237000000.0,138448.215,42.181915,1628.0,95.626924777979
IRL,2003,3.979853,247000000.0,144813.703,42.091792,1601.0,83.822904971599
IRL,2004,4.045188,184000000.0,157453.147,42.568425,1582.0,91.885976873233
IRL,2005,4.133839,184000000.0,168261.064,44.426067,1781.0,95.194275650891
IRL,2006,4.232929,172000000.0,188776.095,45.460283,1872.0,85.408266724635
IRL,2007,4.375842,244000000.0,205566.737,44.646054,2007.0,76.836657541745
ITA,1995,56.844301,1950000000.0,1269932.783,401.104969,43859.0,123.72392005581
ITA,1996,56.860279,2013000000.0,1307915.738,398.163469,44782.0,117.62164875689
ITA,1997,56.890371,2078000000.0,1357832.084,401.287301,43591.0,118.1922311916
ITA,1998,56.906744,2170000000.0,1423810.617,411.832176,41392.0,120.35480364155
ITA,1999,56.916316,3681000000.0,1457193.11,417.730612,43424.0,117.50584634631
ITA,2000,56.942108,4549000000.0,1542231.344,420.436632,47133.0,124.00313665943
ITA,2001,56.974097,4856000000.0,1597887.213,420.18139,46752.0,124.54782085193
ITA,2002,57.059013,5525000000.0,1639680.501,427.183051,45956.0,122.32950356111
ITA,2003,57.3132,7403000000.0,1671645.374,445.257756,45222.0,114.51113629088
ITA,2004,57.685327,8809000000.0,1703460.096,454.994798,49254.0,106.12750795363
ITA,2005,57.969482,10175000000.0,1746658.11,456.431826,50088.0,100.36314968751
ITA,2006,58.14398,8970000000.0,1884457.559,449.184459,50185.0,97.499347266894
ITA,2007,58.438309,7702000000.0,1992732.867,441.461104,49780.0,87.801991536032
ITA,2008,58.826733,7109000000.0,2089717.307,428.854473,49524.0,80.320628389159
ITA,2009,59.095367,5687000000.0,2046377.425,383.717096,48124.0,71.697670367211
ITA,2010,59.277414,4773000000.0,2085694.44,391.99233,47172.0,69.40248425467
ITA,2011,59.379446,4466000000.0,2173169.961,384.107414,46845.0,65.005655407816
ITA,2012,59.539725,4238000000.0,2172383.108,366.677218,46759.0,63.033554559892
ITA,2013,60.233944,4103000000.0,2187376.607,337.575729,48739.0,56.463175882145
ITA,2014,60.789144,4742000000.0,2200256.409,319.155267,49957.0,55.618487117929
ITA,2015,60.730585,2861000000.0,2240922.483,329.662166,52207.0,56.446025826
ITA,2016,60.627494,3524000000.0,2420672.141,325.657076,52178.0,54.150346102028
JPN,1995,125.570246,8456340090.1535,2936481.834,1130.646765,400084.0,101.04512950518
JPN,1996,125.864,7522380693.9342,3082947.474,1143.670145,402156.0,92.837774438003
JPN,1997,126.166,6198278849.0353,3169854.586,1134.062849,395278.0,89.292938908589
JPN,1998,126.486,6186887286.5047,3169360.892,1095.8931,388917.0,85.506329113924
JPN,1999,126.686,8308133793.1715,3207019.637,1130.882841,385098.0,81.954655653039
JPN,2000,126.925843,10145572962.221,3404300.137,1147.859499,384287.0,82.069960502353
JPN,2001,127.291,9586956887.2693,3493106.894,1136.25086,385402.0,79.206285539013
JPN,2002,127.435,9085073598.9547,3588864.927,1174.549161,382239.0,75.679704970772
JPN,2003,127.619,7522860700.8994,3694202.548,1183.837659,385012.0,70.029283264693
JPN,2004,127.687,6214676345.7709,3877296.17,1179.806144,385163.0,67.09402712878
JPN,2005,127.767994,6050438949.9285,4045734.399,1181.536269,391215.0,62.58755762172
JPN,2006,127.900515,6738741815.8659,4230713.959,1158.267842,395908.0,57.377946720478
JPN,2007,128.032743,6882796271.1286,4416227.644,1195.700465,405544.0,52.304278872821
JPN,2008,128.08396,7369257129.5147,4456434.365,1131.06723,404585.0,47.468823938218
JPN,2009,128.031514,9601945140.8457,4250983.216,1075.898167,393765.0,45.608253219521
JPN,2010,128.057352,11305885028.835,4480784.403,1131.757208,393466.0,45.506363707348
JPN,2011,127.834233,10208813811.71,4573186.792,1187.184974,395067.0,43.298678744925
JPN,2012,127.592657,11803122282.229,4746699.388,1226.60216,404396.0,41.221039105532
JPN,2013,127.413888,9192030123.1835,4967051.575,1234.092198,414387.0,40.527286280356
JPN,2014,127.23715,8644266432.5826,4986566.209,1193.26179,413970.0,38.004022753701
JPN,2015,127.094745,8880164753.4196,5135040.993,1155.555477,427486.0,38.42190953351
JPN,2016,126.932772,9174734997.4464,5075243.84,1145.4173,431799.0,36.993724870518
KOR,2001,47.370164,3106513343.7359,933833.021,445.862586,59151.0,170.93037718848
KOR,2002,47.644736,3495160858.5767,1019446.686,435.894683,51929.0,151.58022913591
KOR,2003,47.89233,3445008867.8541,1057684.215,437.778851,50983.0,150.58778723023
KOR,2004,48.082519,2982149349.1469,1142611.13,459.789616,52749.0,136.4945126939
KOR,2005,48.184561,3846962516.7989,1213618.157,457.672117,54641.0,132.32454270985
KOR,2006,48.438292,3829491464.4858,1301782.512,464.712085,55526.0,130.61979972374
KOR,2007,48.683638,3458822323.6515,1414277.971,477.413786,55730.0,126.65446242945
KOR,2008,49.054708,4279335166.2377,1468996.086,488.844473,56766.0,119.66231661189
KOR,2009,49.307835,4629191347.0212,1456054.669,502.089454,55489.0,118.39903333821
KOR,2010,49.554112,5258735628.1247,1573257.913,550.915653,58381.0,111.09068002268
KOR,2011,49.936638,4937808554.9542,1625275.456,573.760776,63044.0,104.71269611703
KOR,2012,50.199853,5964478145.7848,1684562.928,575.466327,70079.0,107.410673095
KOR,2013,50.428893,5838435820.7485,1726902.753,574.551419,66353.0,100.97386036215
KOR,2014,50.746659,6175554276.5231,1792600.237,562.67858,67860.0,93.838689951983
KOR,2015,51.014947,8589265412.7468,1933588.947,582.047107,68371.0,90.581295713196
LUX,1995,0.408625,23231763.093116,16182.056,8.225746,286.0,171.30620985011
LUX,1996,0.414228,167914273.46126,17105.366,8.308623,284.0,171.40442995956
LUX,1997,0.41944,28696427.110627,17967.424,7.800141,295.0,143.04446298725
LUX,1998,0.424699,35507475.22924,18854.742,7.121573,300.0,134.21238521309
LUX,1999,0.430475,29761823.901398,21794.066,7.454772,310.0,134.73488588187
LUX,2000,0.436303,39218601.0,24155.879,8.065071,332.0,174.19206967683
LUX,2001,0.441522,72480850.0,24679.32,8.689852,346.0,158.5414189457
LUX,2002,0.446166,68805000.0,26222.382,9.374964,268.0,138.95892867149
LUX,2003,0.451626,88265000.0,27117.641,9.852439,262.0,117.35270021921
LUX,2004,0.458098,106899000.0,29344.122,11.232303,266.0,109.14766587717
LUX,2005,0.465152,126527000.0,31733.102,11.493299,272.0,101.04093662798
LUX,2006,0.472641,103884868.0,36831.649,11.30179,298.0,90.978911934529
LUX,2007,0.479992,138483654.0,40300.663,10.704137,316.0,93.751367207438
LUX,2008,0.488647,149743176.0,42362.964,10.640149,345.0,71.625908114192
LUX,2009,0.497783,172348101.0,40978.43,10.08492,333.0,96.427559800154
LUX,2010,0.506953,156537840.0,43438.662,10.664187,347.0,63.122222375644
LUX,2011,0.518351,150428284.0,47690.506,10.514577,349.0,63.66391625687
LUX,2012,0.530952,124933429.0,48646.452,10.311125,373.0,64.03664402783
LUX,2013,0.543358,145888748.0,51940.087,9.781443,394.0,82.818021201413
LUX,2014,0.556322,191503382.0,56353.755,9.288168,409.0,62.91354420755
LUX,2015,0.569605,277740939.0,59081.017,8.804662,418.0,63.201803358122
LUX,2016,0.583459,317180624.0,64406.168,8.501982,418.0,54.981495290491
LUX,2017,0.596337,289998924.0,67187.243,8.627174,438.0,58.691744251563
LUX,2018,0.60795,263917942.0,73152.153,8.948689,442.0,59.215396002961
MEX,1995,91.843905,168495751.20208,777544.183,291.33644,1899.0,51.034609985885
MEX,1996,93.294783,157465769.33639,845410.685,304.782774,1799.0,51.638783083659
MEX,1997,94.720541,233898578.94634,918870.759,323.022109,1508.0,52.583736508784
MEX,1998,96.11696,282250219.32134,977196.837,345.372244,460.0,52.719070929231
MEX,1999,97.482584,381299853.5569,1018601.794,335.899921,254.0,52.377379077804
MEX,2000,98.785275,430111031.30366,1096780.846,359.735527,82.0,52.821114128136
MEX,2001,100.105299,364666744.67579,1116305.245,360.600422,67.0,51.316996834428
MEX,2002,101.493987,338232428.97366,1137595.967,368.116069,69.0,47.834110988394
MEX,2003,102.890474,201333460.88281,1183622.677,386.601977,78.0,45.110147338472
MEX,2004,104.272444,191909478.63094,1263142.485,396.045849,74.0,44.041553794438
MEX,2005,105.669369,222531383.82847,1341775.456,412.385135,73.0,44.431781334356
MEX,2006,107.155391,370599622.88016,1485209.624,426.860195,76.0,45.630280946142
MEX,2007,108.744845,562760683.72983,1560053.895,433.36909,84.0,49.445591081005
MEX,2008,110.405454,498957192.37359,1653898.19,434.539402,178.0,48.540241353559
MEX,2009,112.095388,437575104.18709,1637276.794,425.193594,449.0,43.293897533526
MEX,2010,113.748671,434765176.31323,1741129.429,440.460336,843.0,44.104385298504
MEX,2011,115.367452,649906184.15807,1911319.096,456.460321,891.0,38.082734663266
MEX,2012,116.93567,590730097.00547,2012767.781,459.456276,970.0,38.704179961902
MEX,2013,118.453929,699289810.60378,2064490.947,449.626506,1036.0,32.391584277605
MEX,2014,119.936411,997829712.86164,2173227.412,434.204441,1150.0,31.357201497887
MEX,2015,121.3478,1150139165.7925,2230188.94,442.41719,1411.0,28.639831696921
MEX,2016,122.715165,1355875508.1784,2383253.082,446.175879,1481.0,27.332422976892
MEX,2017,124.041731,1652722896.2421,2468832.328,445.991937,1550.0,23.393673677438
NLD,1997,15.61065,487000000.0,406001.498,165.882191,14200.0,79.112657064248
NLD,1998,15.707205,503000000.0,435212.842,166.264879,14900.0,73.151124429553
NLD,1999,15.812085,488000000.0,462796.455,160.906912,15000.0,75.005906873273
NLD,2000,15.925505,710000000.0,507779.885,161.617322,15400.0,73.215851822167
NLD,2001,16.046182,816000000.0,532645.325,166.590316,15500.0,67.492699196943
NLD,2002,16.148921,1348000000.0,556285.465,166.903642,15500.0,66.010569493494
NLD,2003,16.225303,1298000000.0,553516.941,169.919079,14500.0,67.055762660073
NLD,2004,16.281777,1051000000.0,582563.82,171.658709,14079.0,54.109566282653
NLD,2005,16.319871,1100000000.0,614044.12,167.48966,14730.0,50.061679420446
NLD,2006,16.346096,703000000.0,669518.848,163.262344,15889.0,49.614278047101
NLD,2007,16.381696,845000000.0,718924.413,164.115298,15546.0,48.285598756075
NLD,2008,16.44559,820000000.0,763407.575,164.822973,15313.0,45.60492285076
NLD,2009,16.530387,778000000.0,737085.619,160.072111,15400.0,43.556146413502
NLD,2010,16.61539,1097000000.0,748993.689,170.762343,14600.0,38.518496762701
NLD,2011,16.693074,1136000000.0,777880.907,158.412075,16500.0,39.597260516547
NOR,1995,4.359187,323655057.56281,105935.839,31.408419,2681.0,69.967223223429
NOR,1996,4.381339,488647039.44559,117243.382,32.365369,2803.0,58.20142531867
NOR,1997,4.405158,389527777.08484,125981.706,34.117481,2941.0,68.783019538237
NOR,1998,4.431465,348361624.6631,124901.924,35.756729,3071.0,79.43198906727
NOR,1999,4.461915,197125503.63822,136333.967,37.220763,3416.0,68.132211452801
NOR,2000,4.490973,362719844.21411,165952.701,31.879214,3353.0,75.930194989186
NOR,2001,4.513747,199157648.87127,170532.425,32.889232,3272.0,60.924938039338
NOR,2002,4.538157,189478169.39854,172360.893,32.503989,2989.0,68.309638335722
NOR,2003,4.564856,200262516.40728,175993.115,35.070291,2896.0,61.338202418259
NOR,2004,4.591909,221932894.56396,195223.614,35.59359,2683.457775,55.967995888421
NOR,2005,4.623293,193188483.57024,220981.899,34.500489,2723.402598,48.450335486129
NOR,2006,4.660673,258255347.17821,252086.882,35.46211,2832.39148,51.923787037806
NOR,2007,4.709156,310040781.71183,263065.787,36.037798,2957.95521,49.478112093619
NOR,2008,4.768215,287544985.89631,294277.831,35.305649,3106.985939,53.479165775347
NOR,2009,4.828716,358583081.29411,267535.443,35.683365,3080.143787,43.903919998774
NOR,2010,4.889253,479265550.83687,283400.011,40.009478,3134.383471,42.542294813194
NOR,2011,4.953089,561123015.92393,307471.57,38.207537,3075.974123,33.918234442836
NOR,2012,5.018574,675807638.28506,327987.716,37.123595,3091.569419,28.892675268448
NOR,2013,5.080171,838682399.96925,340137.933,36.936774,3260.0,36.813755666513
NOR,2014,5.137427,1218297806.1304,338506.045,37.004386,3440.0,28.614631381257
NOR,2015,5.189898,1281411812.0715,313230.601,37.242034,3555.0,22.549404878805
NOR,2016,5.236152,1460608865.0231,308522.085,36.54085,3695.0,25.790335272448
NOR,2017,5.276965,1345217931.9512,339073.068,35.590325,3584.0,20.087292551329
NOR,2018,5.311916,1400224985.9384,381982.199,36.039988,3722.0,20.33164681068
POL,1995,38.2745,247532557.62621,295895.086,333.337838,26635.0,178.7796439321
POL,1996,38.289,281731303.1534,318949.455,349.101188,26569.0,164.63698954831
POL,1997,38.292,307510030.42788,345277.245,337.887996,25806.0,189.1866577869
POL,1998,38.2835,337549508.11294,366814.684,312.080092,25664.0,183.1185350331
POL,1999,38.27,237058767.86221,388183.91,302.800082,26198.0,174.08051795602
POL,2000,38.258478,198113678.32726,408478.391,289.591377,24092.0,164.51190658191
POL,2001,38.248076,113014351.46102,425491.684,288.640036,22469.0,144.68701641358
POL,2002,38.232301,108472816.91968,451281.404,282.610945,20749.0,152.41811456464
POL,2003,38.195177,194393288.31594,468991.594,293.129945,19638.0,147.62631800332
POL,2004,38.180249,219981465.95472,509450.66,296.744997,18690.0,149.59841781864
POL,2005,38.161313,236165663.99841,530377.339,296.261105,18157.0,142.64212037879
POL,2006,38.132277,353264357.78286,577156.392,308.078167,18552.0,137.46265953881
POL,2007,38.115967,646824033.20029,639756.006,306.294687,19859.0,146.45640043063
POL,2008,38.115909,903530482.77432,697829.214,301.597403,20195.0,142.60699701742
POL,2009,38.153389,649914545.7065,734574.626,291.471973,18637.0,119.83769069939
POL,2010,38.516689,690112640.801,802270.074,307.493273,17921.0,102.70013290822
POL,2011,38.52567,925291961.05567,868896.689,303.187965,18177.0,110.05364622652
POL,2012,38.533789,430896446.23951,903836.561,296.94125,17826.0,93.975372094658
POL,2013,38.502396,262800505.11067,934552.984,292.406679,16797.0,88.2487566573
POL,2014,38.483957,53052933.444856,968368.101,279.258971,16015.0,84.237144134568
POL,2015,38.454576,340441809.31433,1020392.781,282.70842,17367.0,77.343445861641
POL,2016,38.426809,326565221.37684,1075392.661,293.21141,19175.0,79.694313052272
POL,2017,38.422346,510302375.30249,1145339.678,305.824953,20319.0,74.549387007066
POL,2018,38.413139,461906773.69385,1252700.41,305.747659,21043.0,75.365868109731
PRT,1995,10.026176,196000000.0,144092.92,47.23115,4869.0,239.07419937571
PRT,1996,10.063945,260000000.0,149801.613,45.354497,4503.0,237.87888347959
PRT,1997,10.108977,476000000.0,159552.032,47.370573,4563.0,218.61757129332
PRT,1998,10.160196,536000000.0,169536.921,52.063633,4602.0,209.24793183124
PRT,1999,10.217828,342000000.0,181041.019,58.380644,4380.0,195.24697421017
PRT,2000,10.289898,401000000.0,194323.464,57.852184,3834.0,180.46826120142
PRT,2001,10.362722,418000000.0,202418.632,57.756555,3899.0,161.25106897589
PRT,2002,10.419631,523000000.0,212108.896,61.694897,3926.0,160.75425319764
PRT,2003,10.458821,704000000.0,217853.063,56.907576,3585.0,147.81780852737
PRT,2004,10.483861,484000000.0,224984.02,58.12475,3633.0,123.42780965906
PRT,2005,10.50333,415000000.0,238691.186,61.385798,3753.0,118.72425221335
PRT,2006,10.522288,307000000.0,259371.294,56.444866,3876.0,92.090237408442
PRT,2007,10.542964,329000000.0,270973.95,54.63161,3987.0,92.383887491222
PRT,2008,10.558177,392000000.0,281542.549,52.832438,4213.0,83.82128846675
PRT,2009,10.568247,360000000.0,279829.997,53.076554,4152.0,69.737204287523
PRT,2010,10.5731,403000000.0,288463.417,47.561335,4111.0,88.621123416973
PRT,2011,10.55756,333000000.0,282620.91,47.054931,4143.0,84.394500244375
PRT,2012,10.514844,86000000.0,277991.759,45.670308,3803.0,68.284417724124
PRT,2013,10.457295,71000000.0,292135.199,43.741204,3649.0,60.91441429165
PRT,2014,10.401062,120000000.0,298951.673,42.835055,3852.0,61.339890099684
PRT,2015,10.358076,177000000.0,307230.008,46.930899,3957.0,57.250014384911
PRT,2016,10.325452,79000000.0,326364.379,46.46041,4146.0,54.525458062272
PRT,2017,10.3003,110000000.0,341457.197,50.800016,4391.0,58.444899663117
PRT,2018,10.283822,132000000.0,370569.063,47.245308,4487.0,65.637075398621
SVK,1995,5.363676,59000000.0,46523.438,41.215629,4202.0,130.17533199838
SVK,1996,5.373793,107000000.0,50425.483,41.07411,3769.0,118.73387996824
SVK,1997,5.383233,121000000.0,54277.662,41.05845,3057.0,153.80925905733
SVK,1998,5.390866,64000000.0,57261.217,39.581515,3092.0,159.7249688156
SVK,1999,5.395324,37000000.0,57813.884,38.833148,2968.0,124.53623226007
SVK,2000,5.400679,53000000.0,61331.765,36.882231,2870.0,120.25119137754
SVK,2001,5.37978,169000000.0,66651.349,37.368026,2805.0,116.19547387954
SVK,2002,5.378809,241000000.0,71578.565,36.900369,2682.0,116.42370193152
SVK,2003,5.37895,91000000.0,76121.872,37.409645,2316.0,121.5251348594
SVK,2004,5.382574,91000000.0,81732.325,36.213452,2228.0,113.17355015003
SVK,2005,5.387285,160000000.0,89400.317,37.262253,2182.0,111.6734697524
SVK,2006,5.391184,225000000.0,101490.226,36.484264,2213.0,113.1572472564
SVK,2007,5.397766,287000000.0,113923.832,35.705258,2165.0,122.98539320533
SVK,2008,5.406972,214000000.0,127626.827,35.423774,2296.0,112.65546593724
SVK,2009,5.418374,175000000.0,124412.901,32.608964,2264.0,71.29057854161
SVK,2010,5.431024,273000000.0,135914.51,34.572279,2309.0,65.474304766752
SVK,2011,5.398384,289000000.0,140804.819,32.854943,2431.0,60.203201550686
SVK,2012,5.407579,216000000.0,145826.897,31.251081,2459.0,65.093824796642
SVK,2013,5.413393,324000000.0,151588.593,31.7854,2485.0,46.366484014739
SVK,2014,5.418649,276000000.0,157123.984,29.171089,2583.0,54.441614505756
SVK,2015,5.423801,295500000.0,162278.154,29.444719,3411.0,57.15548929616
SVK,2016,5.430798,131600000.0,161074.014,30.159706,3595.0,50.637125520043
SVK,2017,5.439232,231100000.0,164207.269,32.212012,3873.0,50.742457758742
SVK,2018,5.446771,279400000.0,177311.007,31.630618,3915.0,47.734703735479
ESP,1995,39.718895,767000000.0,645448.443,228.207254,16594.0,144.77375796275
ESP,1996,39.884246,816000000.0,675655.944,217.984598,16800.0,137.4535057187
ESP,1997,40.049974,686000000.0,717288.304,235.853132,17878.0,139.8992830012
ESP,1998,40.214066,944000000.0,768101.86,242.405531,18869.0,148.09747205297
ESP,1999,40.369667,1391000000.0,805891.27,263.870515,19655.0,142.07586004116
ESP,2000,40.554387,1840000000.0,876008.108,278.58432,20144.0,142.37870645593
ESP,2001,40.766049,2456000000.0,937888.674,279.776769,20828.0,135.05371745088
ESP,2002,41.42352,3652000000.0,1009753.34,297.223349,21211.0,129.05621362344
ESP,2003,42.196231,3791000000.0,1055547.963,302.617664,21127.0,127.97585643854
ESP,2004,42.859172,4368000000.0,1121204.316,319.270327,20386.0,110.45644652921
ESP,2005,43.662613,5764000000.0,1205129.038,333.709777,21624.0,101.75667715197
ESP,2006,44.360521,6336000000.0,1362071.029,325.036263,22105.0,92.438014106212
ESP,2007,45.236004,8345000000.0,1466711.066,337.863101,21857.0,84.52952113374
ESP,2008,45.983169,8981000000.0,1528583.756,309.774101,23969.0,67.458607507238
ESP,2009,46.36755,8772000000.0,1488992.726,276.085744,23137.0,58.538126546143
ESP,2010,46.562483,7669000000.0,1476808.758,262.05419,22456.0,53.202341925011
ESP,2011,46.736257,7553000000.0,1489594.952,264.873766,22795.0,44.071055634637
ESP,2012,46.766403,5350000000.0,1483646.902,260.511562,22476.0,40.685817935134
ESP,2013,46.593236,2710000000.0,1512074.431,235.161326,23788.0,36.036001252251
ESP,2014,46.455123,3042000000.0,1558306.999,232.063766,25072.0,36.316006223806
ESP,2015,46.410149,2613000000.0,1621069.826,247.06714,26142.0,36.365725254427
ESP,2016,46.449874,1657000000.0,1733213.64,237.6125,26670.0,38.938077313467
ESP,2017,46.532869,2215000000.0,1847660.9,253.987917,27487.0,39.27608719858
ESP,2018,46.733038,2102000000.0,1965752.642,248.890885,28434.0,38.591595656492
SWE,1995,8.826944,1141240879.8226,203464.169,56.934868,6833.0,64.801626022339
SWE,1996,8.840999,1048663629.1042,211081.101,62.422399,6953.0,60.739749064529
SWE,1997,8.846059,701081430.81616,219357.41,56.276569,7022.0,61.157156709957
SWE,1998,8.850975,763652691.24993,229123.304,57.230416,7210.0,59.993397336835
SWE,1999,8.857879,682390865.1336,243339.592,56.125853,7701.0,65.478465825998
SWE,2000,8.872112,589990409.54783,262890.9,51.989465,8243.0,66.613248326863
SWE,2001,8.895963,556846051.62224,266349.889,51.165348,8732.0,65.535366615857
SWE,2002,8.924959,666120755.541,276017.772,52.743719,8874.0,62.745393311655
SWE,2003,8.958233,652316864.67055,284711.106,53.996718,8834.0,59.051850538762
SWE,2004,8.993533,1093632876.7123,304256.148,52.309331,8658.0,53.371695722181
SWE,2005,9.029567,1301085117.6173,309212.867,48.891155,8936.0,48.728776956427
SWE,2006,9.080506,1250526839.0736,342150.661,47.454322,9617.0,49.006085013994
SWE,2007,9.148093,1445790685.3579,373749.881,45.797316,10261.0,51.486145963552
SWE,2008,9.219639,1536170699.4978,388684.19,44.753192,11146.0,43.060263652463
SWE,2009,9.29851,1527973180.4014,374814.888,41.616152,11321.0,38.500771359728
SWE,2010,9.37813,1655636908.3158,396283.62,46.806949,11155.0,28.363875682626
SWE,2011,9.449216,1588351278.3021,421515.998,43.229578,11378.0,33.759425255839
SWE,2012,9.519378,1570135642.666,432488.303,40.671113,11792.0,29.93894346414
SWE,2013,9.600375,1389931217.8487,444616.544,39.145274,11842.0,27.082264148113
SWE,2014,9.696105,1480713209.9946,457507.758,37.695891,12121.0,27.84621874133
SWE,2015,9.799183,1630006948.5274,481170.723,37.665262,12650.0,26.430766800426
SWE,2016,9.923085,1501653058.4221,500423.665,37.238183,12800.0,27.209280178493
SWE,2017,10.057695,1524982100.0529,524145.2,36.845604,13331.0,25.05543515027
SWE,2018,10.175214,1352257548.7242,562113.084,34.514885,13546.798247255,31.842082141958
CHE,1995,7.040687,1079262374.636,216807.006,41.450386,11713.0,98.285863297147
CHE,1996,7.071851,1170131360.7958,222517.356,42.214998,11890.0,87.105919950225
CHE,1997,7.088906,1231527093.5961,232230.013,41.141318,12051.0,82.805442758022
CHE,1998,7.110002,1290302694.0386,241055.704,42.64029,12148.0,83.966232916142
CHE,1999,7.143991,1342789302.6743,248739.984,42.922109,12501.0,81.607045697566
CHE,2000,7.18425,1463054503.4346,264299.171,41.983768,12620.0,82.402477642064
CHE,2001,7.226647,1643935381.3559,274106.119,43.396658,13301.0,75.243566467594
CHE,2002,7.284754,2011995637.9498,282753.058,41.882314,14147.0,70.421056142878
CHE,2003,7.339002,2004340106.5299,284759.572,43.185481,14509.0,74.397046682512
CHE,2004,7.389626,2115795609.0927,297823.895,43.53191,14914.0,69.015680768645
CHE,2005,7.437116,2191435768.262,310493.747,44.003701,16144.0,54.994443409844
CHE,2006,7.483935,2350772360.3077,347559.421,43.626267,16578.0,49.439238774687
CHE,2007,7.551117,2329092347.9637,386208.981,41.65623,17434.0,50.853403542814
CHE,2008,7.647676,2622393043.9166,413714.827,43.104464,17776.0,46.680853985035
CHE,2009,7.743832,2888270746.407,413468.607,41.820623,18571.0,45.068132297825
CHE,2010,7.82491,3032122702.9373,429590.099,43.252821,19177.0,41.789623368144
CHE,2011,7.912396,3410048622.3663,458820.075,39.267287,19471.0,40.442859421379
CHE,2012,7.996861,3463867916.7012,479280.805,40.660125,19262.0,42.391633417162
CHE,2013,8.089346,3665610528.8813,503360.433,41.64817,19447.0,33.253615310805
CHE,2014,8.188646,3550139963.7741,524917.015,37.844565,20010.0,29.675224814252
CHE,2015,8.282398,4193518171.5998,546805.519,37.315489,20389.0,30.546716191788
CHE,2016,8.373334,3835993395.7072,570267.342,37.837575,20812.0,25.796163967106
CHE,2017,8.451834,3120726880.1727,585917.296,36.862212,20864.5,27.213009238225
CHE,2018,8.513227,3078188587.7565,629792.206,35.714759,20613.0,27.365632688143
TUR,2015,78.218488,1080993944.0069,2022397.778,318.973757,8326.0,95.887643825258
TUR,2016,79.277971,1718237203.4583,2116398.303,338.874454,7829.0,91.453800221103
TUR,2017,80.312708,1732663657.9803,2271499.615,378.63109,8465.0,91.576161996319
GBR,1995,58.024799,2413751507.8408,1189676.31,513.796422,37200.0,64.89250164989
GBR,1996,58.164374,2734423006.0219,1269581.66,533.808846,39200.0,64.297681071468
GBR,1997,58.314249,3361247473.2891,1342536.323,511.895623,42200.0,64.183736345352
GBR,1998,58.474943,3910085773.4398,1383638.572,514.529284,44100.0,61.227133670288
GBR,1999,58.684427,4816444174.7573,1432522.708,511.948885,46800.0,60.733644015574
GBR,2000,58.886065,4874487284.6596,1556000.788,520.562588,46506.213654,60.78871076891
GBR,2001,59.113016,5875542691.7511,1639407.408,535.303236,47471.882913,60.859605904789
GBR,2002,59.365677,6749363867.6845,1721570.283,521.177335,47992.683913,60.316171611147
GBR,2003,59.636662,7493857493.8575,1803323.803,533.471636,49224.35476,61.32688340383
GBR,2004,59.950364,5450928381.9629,1913771.614,533.390964,50373.778283639,56.144651159263
GBR,2005,60.413276,5756689574.4992,1968627.14,531.648669,51363.238861198,55.230685294595
GBR,2006,60.827067,7939278380.7568,2108799.349,532.89988,54338.616342653,54.201682191444
GBR,2007,61.319075,7729667740.9665,2177276.634,521.733018,57876.835498737,49.883841097511
GBR,2008,61.823772,7538440677.9661,2264898.174,507.897104,60522.257647799,42.794508938673
GBR,2009,62.260486,6307135218.2802,2182383.458,460.083887,60166.955404915,37.526332261068
GBR,2010,62.759456,6387090421.8131,2288742.51,476.626011,63505.009755806,30.350650384167
GBR,2011,63.285145,7532693016.8242,2351301.204,439.178828,66801.444358355,30.983826600595
GBR,2012,63.70503,8765858710.3933,2439691.339,461.442481,69686.077677926,28.288758523029
GBR,2013,64.105654,8426350682.9958,2560720.871,447.002723,71091.617132869,27.600930403973
GBR,2014,64.596752,10306706349.206,2667371.06,408.662693,74261.865978851,28.698669511725
GBR,2015,65.110034,14665859504.132,2771840.354,394.021547,76787.835241515,27.704311271513
GBR,2016,65.648054,13511090487.239,2896753.121,372.352897,78695.91249783,28.348648690789
GBR,2017,66.040229,13055149509.244,3031493.03,359.943776,80260.893253627,28.096155884255
GBR,2018,66.43555,13711295207.957,3232215.425,352.362605,80526.378370105,27.640543058278
USA,1995,266.278393,3300466253.9173,7639749.0,5073.896072,22079.197517351,157.04263964729
USA,1996,269.394284,4112642772.7452,8073122.0,5230.535479,21865.609594934,156.1467590221
USA,1997,272.646925,5167944988.0984,8577552.0,5495.04443,22746.357703048,154.08736984563
USA,1998,275.854104,6060687193.2173,9062817.0,5545.442058,23490.391327033,150.44552553162
USA,1999,279.040168,5662729658.7927,9630663.0,5563.874592,23910.674990425,149.50186353211
USA,2000,282.162411,7018398268.3983,10252347.0,5729.87461,25977.28144892,148.65552024221
USA,2001,284.968955,6891469405.9848,10581822.0,5702.169429,25198.095303748,148.07226983725
USA,2002,287.625193,6102233040.5334,10936418.0,5545.478336,24409.622511445,149.5175007149
USA,2003,290.107933,6043858873.4636,11458246.0,5610.749689,25044.071809908,147.82084569883
USA,2004,292.805298,5020509933.2422,12213730.0,5688.77761,24776.56200888,146.29516710452
USA,2005,295.516599,5133354755.7841,13036637.0,5703.220175,25393.591629483,147.2336922773
USA,2006,298.379912,6730907063.7891,13814609.0,5602.449666,27296.432407703,143.1329599695
USA,2007,301.231207,6681015613.5999,14451860.0,5686.716019,30357.906712861,136.96788062201
USA,2008,304.093966,6950224398.2048,14712845.0,5512.512876,32143.406016433,123.0639347839
USA,2009,306.771529,7140601449.7955,14448932.0,5120.690227,30906.931637514,110.45027584682
USA,2010,309.326085,7364335242.6892,14992052.0,5352.120423,31871.671919151,106.68182551429
USA,2011,311.580009,8335848243.1559,15542582.0,5128.17802,32579.510200833,104.24741904427
USA,2012,313.874218,10478375855.632,16197007.0,4903.010212,34125.70065511,106.93972574219
USA,2013,316.057727,9856196355.9705,16784851.0,5038.523665,36047.104941171,103.54319863609
USA,2014,318.386421,11347832630.945,17527258.0,5046.56463,36393.106488533,102.65440315539
USA,2015,320.742673,15687635183.85,18238301.0,4928.610664,36043.875681391,110.67095594877
USA,2016,323.071342,12473341767.576,18745075.0,4838.476243,35892.157355569,115.99940522939
USA,2017,325.147121,11480563180.731,19542980.0,4761.301727,33255.54260666,114.26046867888
USA,2018,327.167434,10505289885.738,20611861.0,4921.125821,31962.706636735,112.4928253683
EST,1995,1.436634,4000000.0,9275.903,15.887426,421.0,231.09574185213
EST,1996,1.415594,0.0,9719.971,16.846492,309.0,150.46687115091
EST,1997,1.399535,0.0,11149.006,16.430864,262.0,199.35192760453
EST,1998,1.386156,15000000.0,11696.499,15.856769,236.0,204.8831444657
EST,1999,1.375654,24000000.0,11705.252,14.839012,238.0,166.87718127178
EST,2000,1.396985,19000000.0,13184.477,14.449567,263.0,146.02876909917
EST,2001,1.388115,15000000.0,14334.132,14.912659,182.0,143.35988012521
EST,2002,1.37935,18000000.0,16097.532,14.507424,178.0,161.67035197738
EST,2003,1.37072,16000000.0,17989.12,16.495636,181.0,119.64514999416
EST,2004,1.36255,20000000.0,19787.615,16.551014,192.0,124.76606363069
EST,2005,1.354775,20000000.0,22523.035,16.751663,247.0,125.48209112214
EST,2006,1.34681,21000000.0,26003.489,15.475165,256.0,151.4690268115
EST,2007,1.34068,30000000.0,29715.859,19.257702,272.0,146.19446847868
EST,2008,1.33709,23000000.0,30525.864,17.690275,274.0,98.721851184288
EST,2009,1.334515,37000000.0,27502.871,14.700665,249.0,74.933590105769
EST,2010,1.331475,35000000.0,29041.489,18.570033,248.0,59.332694943578
EST,2011,1.327439,94000000.0,32890.59,17.636968,241.0,76.086358770535
EST,2012,1.322696,47700000.0,34642.164,16.372417,236.0,65.774750963184
EST,2013,1.317997,26500000.0,36432.845,18.788978,225.0,61.456892542244
EST,2014,1.314545,15500000.0,38300.163,17.399668,282.0,59.336120102393
EST,2015,1.314608,13100000.0,38658.851,15.162391,289.0,50.934805729329
EST,2016,1.31579,15400000.0,41548.815,15.462677,316.0,53.959978416009
EST,2017,1.317384,14000000.0,44744.021,15.971263,367.0,36.435845584886
EST,2018,1.321977,27000000.0,49538.751,15.696684,417.0,50.681668440525
RUS,1996,148.160121,1495668631.0412,877181.595,1521.658005,181213.0,198.89291538076
RUS,1997,147.915371,1736313326.1171,904631.52,1414.791763,170318.0,187.03263686048
RUS,1998,147.670787,964268268.41315,865918.063,1406.588154,152932.0,196.52499440919
RUS,1999,147.214777,1180780554.0301,934209.415,1442.981854,141042.0,201.86832332646
RUS,2000,146.596873,2604185017.7902,1073593.408,1474.394287,167054.0,201.87334287474
RUS,2001,145.976465,3272316505.3302,1152998.495,1474.669977,157901.0,211.78753985865
RUS,2002,145.306489,2048396737.7539,1253122.777,1465.851034,152871.0,228.77848331861
RUS,2003,144.565937,3231845976.3484,1437840.922,1493.895749,157573.0,246.12748114883
RUS,2004,143.821218,3647291964.0139,1582506.988,1488.20149,164272.0,239.5130343096
RUS,2005,143.113885,4014150903.2099,1822444.794,1481.897136,172217.0,236.60312577555
RUS,2006,142.487259,4168965537.4551,2291243.855,1537.702664,177838.0,228.75975560847
RUS,2007,142.114903,5434110872.8978,2553606.502,1533.725251,174085.0,233.24094681931
RUS,2008,141.956413,9480383896.5444,3091455.591,1553.838333,175872.0,209.720497417
RUS,2009,141.909248,6576644836.0892,2973733.08,1440.681104,151467.0,193.71035049261
RUS,2010,142.389969,9052371163.7098,3143873.887,1529.228168,138885.0,185.97899153534
RUS,2011,142.960911,9872128931.4568,3259319.17,1604.742898,139742.0,195.52897635485
RUS,2012,143.201721,11194205101.147,3480301.72,1607.949744,144612.0,195.46552795968
RUS,2013,143.506995,9786778110.1115,3741783.371,1568.533162,138517.0,188.31834643322
RUS,2014,143.819657,6474564075.2679,3763536.922,1551.605133,130027.0,187.44307193705
RUS,2015,144.096881,5022319784.8168,3526234.314,1534.458233,120644.0,160.40598244778
RUS,2016,144.3424,4830359079.9511,3538975.3,1510.557598,124620.0,140.69324441587
RUS,2017,144.496738,3609268306.7499,3818778.691,1536.770876,123096.0,132.09986605926
RUS,2018,144.491104,4355181800.716,4306249.838,1587.024454,129542.0,126.06775875556
SVN,2000,1.990272,16000000.0,35818.652,14.050959,705.0,157.37144437322
SVN,2001,1.992035,15000000.0,37762.261,14.875062,715.0,139.5540294971
SVN,2002,1.995718,20000000.0,40372.33,15.081149,749.0,134.3674950991
SVN,2003,1.996773,21000000.0,42091.237,14.96615,777.0,121.25870544807
SVN,2004,1.997004,59000000.0,45416.216,15.234875,764.0,137.20498424646
SVN,2005,2.001114,42000000.0,47716.594,15.443058,777.0,128.96943424408
SVN,2006,2.008516,13000000.0,51548.468,15.799301,793.0,130.55168551195
SVN,2007,2.019406,62000000.0,55572.363,15.75268,812.0,145.18448339595
SVN,2008,2.022629,96000000.0,59839.586,16.7983,834.0,105.87162027115
SVN,2009,2.042335,72000000.0,56209.216,15.109682,840.0,83.837132397463
SVN,2010,2.049261,131000000.0,57049.221,15.446955,813.0,67.363636230507
SVN,2011,2.052496,106000000.0,59391.555,15.427293,773.0,68.685233113297
SVN,2012,2.056262,72000000.0,59745.667,14.8584,742.0,63.193948547487
SVN,2013,2.059114,140000000.0,61744.434,14.211939,760.0,60.680996119814
SVN,2014,2.061623,270000000.0,63653.392,12.756345,697.0,52.376841676447
SVN,2015,2.063077,376000000.0,65265.909,12.805132,709.0,58.152748856208
SVN,2016,2.064241,84400000.0,70079.359,13.585628,680.0,62.952714763186
SVN,2017,2.066161,100000000.0,75675.711,13.731418,650.0,50.329366992065
SVN,2018,2.07005,153000000.0,83253.944,13.64007,656.0,43.878809620935
IND,2004,1126.135777,2330943045.1366,3004720.147,1028.269311,575700.0,81.990153009004
IND,2005,1144.118674,2811425696.7958,3341591.148,1074.988747,615614.0,82.752856842445
IND,2006,1161.977719,3223047286.8462,3692995.072,1148.382272,695764.0,90.733799973972
IND,2007,1179.681239,3927094512.3867,4117624.683,1265.948768,769956.0,96.723363620943
IND,2008,1197.146906,4663260211.7593,4339909.661,1349.161628,838032.0,99.827615797421
IND,2009,1214.270132,4723696611.5663,4700537.017,1481.617814,903465.0,103.19232554257
IND,2010,1230.980691,5149561182.619,5170042.756,1572.13941,978508.0,108.98084105099
IND,2011,1247.236029,4944379162.9837,5618380.736,1662.615506,1046522.0,113.96167676722
IND,2012,1263.065852,6075867422.453,6153155.414,1805.25433,1098103.0,109.22727113394
IND,2013,1278.562207,5928516618.7311,6477517.562,1860.976366,1140412.0,107.40712477884
IND,2014,1293.859294,8786181249.2432,6781021.981,2027.389859,1147190.0,107.80375806505
IND,2015,1309.05398,9643918863.2718,7155724.182,2036.882284,1143039.0,111.53893216192
IND,2016,1324.171354,9890866187.3882,7665672.881,2070.873609,1149835.0,113.842135423
IND,2017,1339.180127,10368632928.544,8123456.655,2190.820126,1161333.0,110.49342530952
LVA,1995,2.485054,7000000.0,13670.403,8.90254,1373.0,245.86971078318
LVA,1996,2.457226,9000000.0,14224.128,8.903572,1182.0,223.82999989419
LVA,1997,2.432851,17000000.0,15762.289,8.420937,1148.0,215.79619960285
LVA,1998,2.410027,21000000.0,17016.888,8.027839,1059.0,260.16392401886
LVA,1999,2.390477,19000000.0,17683.869,7.410166,984.0,252.66870865374
LVA,2000,2.367549,24000000.0,19019.264,6.841156,715.0,248.35800722266
LVA,2001,2.337172,19000000.0,21120.029,7.247275,706.0,221.20769991058
LVA,2002,2.310176,24000000.0,23260.397,7.234721,744.0,224.2256315869
LVA,2003,2.287955,32000000.0,25232.526,7.464371,762.0,215.47626592306
LVA,2004,2.263123,29000000.0,27699.88,7.479639,811.0,228.0036162434
LVA,2005,2.238799,35000000.0,31069.323,7.58061,894.0,197.4272813236
LVA,2006,2.218351,29000000.0,35048.854,8.030694,992.0,183.46911700867
LVA,2007,2.200325,36000000.0,40013.9,8.36029,983.0,190.42641427971
LVA,2008,2.177324,63000000.0,42500.525,7.938214,951.0,145.13241495746
LVA,2009,2.141668,63000000.0,36356.754,7.185957,756.0,118.59909257686
LVA,2010,2.097553,73000000.0,37035.492,8.087541,749.0,103.9305286393
LVA,2011,2.05971,53000000.0,40945.395,7.340252,741.0,86.905480337271
LVA,2012,2.034324,102000000.0,43549.741,6.99556,725.0,87.00700332642
LVA,2013,2.012647,77000000.0,45914.339,6.911939,729.0,88.937603067006
LVA,2014,1.993785,136000000.0,47459.627,6.723727,649.0,106.33058177875
LVA,2015,1.977523,209000000.0,49361.737,6.845608,591.0,95.068234213743
LVA,2016,1.959535,24000000.0,52339.473,6.799011,584.0,80.63129198377
LVA,2017,1.942247,22000000.0,55823.073,6.679644,596.0,70.02195394203
LVA,2018,1.92717,17200000.0,61229.075,7.1893,624.0,78.353070350679
BGR,1995,8.406067,45506257.110353,64930.23,52.737289,4693.0,150.36758569733
BGR,1996,8.362826,26905829.596413,57134.671,53.136273,5065.0,121.25087859056
BGR,1997,8.312068,13704406.49378,47781.371,51.82572,5886.0,110.08090886648
BGR,1998,8.256786,22851919.561243,51005.61,49.489089,4740.0,121.47583817723
BGR,1999,8.210624,21474588.403722,47685.735,43.210523,3819.0,127.51771363541
BGR,2000,8.170172,77860874.910358,52491.528,42.138072,3472.0,123.86520136908
BGR,2001,8.009142,77507442.767683,55759.755,44.972856,2990.0,126.23074981065
BGR,2002,7.837161,50790067.72009,61023.384,42.436775,2598.0,122.36573932831
BGR,2003,7.775327,26167265.264238,65377.576,46.646286,2517.0,123.46747603027
BGR,2004,7.71686,31230800.737252,70947.276,45.758507,2404.0,122.19996216078
BGR,2005,7.658972,45505675.426935,78821.715,46.288947,2389.0,124.95149479591
BGR,2006,7.601022,39370078.740157,86597.081,47.446186,2422.0,137.21838984284
BGR,2007,7.545338,44483075.979139,96549.248,50.680922,2424.0,133.32736055032
BGR,2008,7.492561,71581961.345741,107410.912,48.163785,2335.0,141.60712205079
BGR,2009,7.444443,49596073.21812,105648.489,41.989054,2144.0,121.02987422968
BGR,2010,7.395599,129870129.87013,110040.697,44.044939,2100.0,104.92726823074
BGR,2011,7.348328,89988751.406074,115128.421,48.882236,2068.0,89.408093922862
BGR,2012,7.305888,114019838.42929,118701.781,44.140187,1876.0,82.262416286699
BGR,2013,7.265115,123734533.18335,120520.814,38.924379,1826.0,82.724086267045
BGR,2014,7.223938,167195009.71469,126862.574,41.31961,1702.0,91.362910368278
BGR,2015,7.177991,301155537.37601,131666.906,43.58102,1552.0,98.634840862854
BGR,2016,7.127822,153389917.16944,142696.411,40.54088,1458.0,99.329079766582
BGR,2017,7.075947,92033950.301667,151818.49,42.803157,1438.0,96.382858718416
BGR,2018,7.025037,96124348.092852,166030.892,39.892842,1479.0,86.974630880948
HRV,1995,4.616762,7168039.3218157,36940.428,14.774177,1139.0,173.15904875077
HRV,1996,4.574853,13337585.896953,39758.817,14.650527,1205.0,158.2147582112
HRV,1997,4.532298,29515008.238412,42933.08,16.24561,1158.0,157.444894287
HRV,1998,4.491742,25402439.195543,44512.66,17.609329,1092.0,142.53767815831
HRV,1999,4.456298,24806692.528963,44528.501,17.371297,1137.0,146.70044765797
HRV,2000,4.428069,19232027.212664,47307.968,16.782763,1252.0,146.58812228896
HRV,2001,4.30045,20979768.5544,49665.514,17.753863,1241.0,150.47764441784
HRV,2002,4.305443,36423483.703864,54408.765,18.853992,1195.0,145.74026991935
HRV,2003,4.305553,104363449.01383,58310.012,20.181196,1163.0,162.89449339929
HRV,2004,4.308296,128160674.27718,62559.614,19.58836,1213.0,141.24425033685
HRV,2005,4.311674,93757177.017333,65947.589,19.917214,1266.0,138.51042134313
HRV,2006,4.313016,121503365.23366,75104.328,19.977214,1362.0,142.42109836357
HRV,2007,4.312751,92258213.979095,83268.104,21.222283,1611.0,143.61225896515
HRV,2008,4.310884,125688657.56762,89507.429,20.164387,1810.0,154.07087027998
HRV,2009,4.306315,98211488.42848,86145.14,19.064566,1835.0,127.28849263248
HRV,2010,4.296353,83416795.862088,85111.874,18.248777,1742.0,99.175239155502
HRV,2011,4.282913,80528070.552807,89055.653,17.950446,1486.0,97.649360303246
HRV,2012,4.269063,61824418.651031,90338.799,16.419845,1104.0,92.09013679486
HRV,2013,4.254469,183137617.09988,92861.599,15.901102,948.0,86.472484244032
HRV,2014,4.238389,130720666.43963,93502.185,15.117108,927.0,72.669120271877
HRV,2015,4.203604,60021013.921723,96704.418,15.512642,951.0,82.786104495095
HRV,2016,4.174349,44329418.010485,103842.682,15.858564,836.0,73.544401773786
HRV,2017,4.124531,62563635.389315,110890.878,16.193172,745.0,80.251548600314
HRV,2018,4.080666,99621196.802416,120409.373,15.294397,756.0,77.547009510884
LTU,1995,3.629102,4000000.0,21470.186,13.434207,1130.0,184.89422452166
LTU,1996,3.601613,17000000.0,22941.763,13.914716,954.0,185.19480021868
LTU,1997,3.575137,22000000.0,25265.839,13.557513,842.0,203.06914112662
LTU,1998,3.549331,29000000.0,27550.7,14.294702,800.0,233.56514227611
LTU,1999,3.524237,19000000.0,27562.049,11.899931,745.0,212.2444624909
LTU,2000,3.499534,18000000.0,29569.579,10.221743,611.0,183.16713987226
LTU,2001,3.470817,25000000.0,32765.022,10.870211,533.0,203.41026236466
LTU,2002,3.443066,58000000.0,36085.819,10.931246,498.0,202.43579343649
LTU,2003,3.415209,85000000.0,41171.201,10.938091,432.0,207.60052154873
LTU,2004,3.377073,70000000.0,43968.09,11.56326,443.0,222.67790913735
LTU,2005,3.322525,68000000.0,48211.647,12.443951,428.0,232.65417176319
LTU,2006,3.269903,50000000.0,53828.551,12.502004,431.0,232.42237016382
LTU,2007,3.231297,76000000.0,61625.453,12.684005,409.0,229.01042121206
LTU,2008,3.198234,85000000.0,66270.653,12.610744,398.0,156.02375188034
LTU,2009,3.162911,67000000.0,57343.818,11.40734,357.0,116.98065961916
LTU,2010,3.097292,107000000.0,62292.855,12.314715,373.0,96.536253398948
LTU,2011,3.028119,116000000.0,69297.819,11.525294,389.0,97.750580806872
LTU,2012,2.987773,140000000.0,73809.042,11.531329,403.0,101.0786294675
LTU,2013,2.957689,139000000.0,79034.188,10.868843,391.0,86.554062986338
LTU,2014,2.932366,264000000.0,82647.295,10.462848,373.0,91.052722936795
LTU,2015,2.904908,180000000.0,83761.504,10.550273,361.0,83.307228106895
LTU,2016,2.868234,70000000.0,88700.479,10.750005,396.0,66.94021506636
LTU,2017,2.828398,49000000.0,95797.204,10.771645,424.0,67.529273586543
LTU,2018,2.801541,65000000.0,105039.518,11.134892,468.0,61.751684696612
ROU,1995,22.684268,70422535.211268,122856.526,117.587815,18879.0,125.41730459036
ROU,1996,22.619005,50263885.398341,129638.012,120.752931,18356.0,125.77918992366
ROU,1997,22.553982,43268636.419829,125448.93,110.418687,15795.0,126.93991277282
ROU,1998,22.507354,46403712.296984,124782.838,96.476601,13422.0,123.42638029614
ROU,1999,22.472043,30083497.053045,125764.098,82.855418,12304.0,111.47185569267
ROU,2000,22.442973,43140205.668422,131305.899,86.222025,11632.0,111.34889404794
ROU,2001,22.131974,56901191.849289,144334.058,91.340662,10966.0,111.1966083453
ROU,2002,21.675775,106246799.79519,155641.203,90.949271,8502.0,110.35182998124
ROU,2003,21.574365,98809492.103231,162932.871,96.97367,8529.0,103.59535681439
ROU,2004,21.451845,57742134.484886,192696.972,93.74113,8638.0,112.71808712278
ROU,2005,21.319673,109043727.91519,204714.06,92.632653,7985.0,123.87612668761
ROU,2006,21.193749,101861309.72648,244600.829,95.285763,8092.0,122.06423022626
ROU,2007,20.88298,310674376.10474,285751.74,92.38187,7476.0,134.08046800979
ROU,2008,20.537848,316232356.13464,344669.95,91.070886,6958.0,149.23647164081
ROU,2009,20.367437,177375224.07774,338997.706,77.431117,6128.0,137.32671094868
ROU,2010,20.246798,168859544.95796,343978.551,74.725473,5438.0,117.40085665583
ROU,2011,20.147657,161374038.59765,360564.155,80.859371,5073.0,100.16117113722
ROU,2012,20.060182,117763172.65203,378485.712,78.578501,4571.0,101.80458853522
ROU,2013,19.988694,208856606.24986,395316.781,69.312297,4411.0,93.125930227211
ROU,2014,19.916451,277659023.91828,411274.339,68.466683,4976.0,91.315581778453
ROU,2015,19.82225,321920273.5535,428132.022,69.55857,5149.0,95.530716784177
ROU,2016,19.706529,262091386.83531,478201.584,67.962637,4988.0,97.095425617773
ROU,2017,19.588146,214503031.49692,533372.93,70.78876,5663.0,99.605407384074
ROU,2018,19.471332,182853459.38977,587563.39,71.57133,5577.0,95.878581870012
